[
  {
    "model": "viewer.boardformats",
    "pk": 1,
    "fields": {
      "format": "ATX"
    }
  },
  {
    "model": "viewer.boardformats",
    "pk": 2,
    "fields": {
      "format": "Micro-ATX"
    }
  },
  {
    "model": "viewer.boardformats",
    "pk": 3,
    "fields": {
      "format": "Mini-ITX"
    }
  },
  {
    "model": "viewer.boardformats",
    "pk": 4,
    "fields": {
      "format": "E-ATX"
    }
  },
  {
    "model": "viewer.graphicscards",
    "pk": 1,
    "fields": {
      "name": "Radeon RX 9060 XT 16 GB",
      "manufacturer": "AMD",
      "vram": 16,
      "tgp": 200,
      "dateadded": "2025-07-22",
      "rating": 1,
      "price": 15000
    }
  },
  {
    "model": "viewer.graphicscards",
    "pk": 2,
    "fields": {
      "name": "Radeon RX 9070 XT",
      "manufacturer": "AMD",
      "vram": 16,
      "tgp": 200,
      "dateadded": "2025-07-22",
      "rating": 1,
      "price": 15000
    }
  },
  {
    "model": "viewer.graphicscards",
    "pk": 3,
    "fields": {
      "name": "GeForce RTX 5070",
      "manufacturer": "NVIDIA",
      "vram": 12,
      "tgp": 200,
      "dateadded": "2025-07-22",
      "rating": 1,
      "price": 15000
    }
  },
  {
    "model": "viewer.graphicscards",
    "pk": 4,
    "fields": {
      "name": "GeForce RTX 5090",
      "manufacturer": "NVIDIA",
      "vram": 32,
      "tgp": 200,
      "dateadded": "2025-07-22",
      "rating": 2,
      "price": 15000
    }
  },
  {
    "model": "viewer.graphicscards",
    "pk": 5,
    "fields": {
      "name": "GeForce RTX 5070 Ti",
      "manufacturer": "NVIDIA",
      "vram": 16,
      "tgp": 200,
      "dateadded": "2025-07-22",
      "rating": 2,
      "price": 15000
    }
  },
  {
    "model": "viewer.graphicscards",
    "pk": 6,
    "fields": {
      "name": "GeForce RTX 5060",
      "manufacturer": "NVIDIA",
      "vram": 8,
      "tgp": 200,
      "dateadded": "2025-07-22",
      "rating": 2,
      "price": 15000
    }
  },
  {
    "model": "viewer.graphicscards",
    "pk": 7,
    "fields": {
      "name": "GeForce RTX 5050",
      "manufacturer": "NVIDIA",
      "vram": 8,
      "tgp": 200,
      "dateadded": "2025-07-22",
      "rating": 3,
      "price": 15000
    }
  },
  {
    "model": "viewer.graphicscards",
    "pk": 8,
    "fields": {
      "name": "GeForce RTX 5060 Ti 16 GB",
      "manufacturer": "NVIDIA",
      "vram": 16,
      "tgp": 200,
      "dateadded": "2025-07-22",
      "rating": 3,
      "price": 15000
    }
  },
  {
    "model": "viewer.graphicscards",
    "pk": 9,
    "fields": {
      "name": "GeForce RTX 5080",
      "manufacturer": "NVIDIA",
      "vram": 16,
      "tgp": 200,
      "dateadded": "2025-07-22",
      "rating": 3,
      "price": 15000
    }
  },
  {
    "model": "viewer.graphicscards",
    "pk": 10,
    "fields": {
      "name": "Radeon RX 580",
      "manufacturer": "AMD",
      "vram": 8,
      "tgp": 200,
      "dateadded": "2025-07-22",
      "rating": 4,
      "price": 15000
    }
  },
  {
    "model": "viewer.graphicscards",
    "pk": 11,
    "fields": {
      "name": "GeForce RTX 3060 12 GB",
      "manufacturer": "NVIDIA",
      "vram": 12,
      "tgp": 200,
      "dateadded": "2025-07-22",
      "rating": 4,
      "price": 12000
    }
  },
  {
    "model": "viewer.graphicscards",
    "pk": 12,
    "fields": {
      "name": "GeForce RTX 4060",
      "manufacturer": "NVIDIA",
      "vram": 8,
      "tgp": 200,
      "dateadded": "2025-07-22",
      "rating": 4,
      "price": 15000
    }
  },
  {
    "model": "viewer.graphicscards",
    "pk": 13,
    "fields": {
      "name": "GeForce RTX 3070",
      "manufacturer": "NVIDIA",
      "vram": 8,
      "tgp": 200,
      "dateadded": "2025-07-22",
      "rating": 5,
      "price": 15000
    }
  },
  {
    "model": "viewer.graphicscards",
    "pk": 14,
    "fields": {
      "name": "GeForce RTX 3080",
      "manufacturer": "NVIDIA",
      "vram": 10,
      "tgp": 200,
      "dateadded": "2025-07-22",
      "rating": 5,
      "price": 15000
    }
  },
  {
    "model": "viewer.graphicscards",
    "pk": 15,
    "fields": {
      "name": "Radeon RX 9070",
      "manufacturer": "AMD",
      "vram": 16,
      "tgp": 200,
      "dateadded": "2025-07-22",
      "rating": 5,
      "price": 15000
    }
  },
  {
    "model": "viewer.graphicscards",
    "pk": 16,
    "fields": {
      "name": "GeForce RTX 3070 Ti 8GB",
      "manufacturer": "NVIDIA",
      "vram": 8,
      "tgp": 290,
      "dateadded": "2024-03-16",
      "rating": 4,
      "price": 15852
    }
  },
  {
    "model": "viewer.graphicscards",
    "pk": 17,
    "fields": {
      "name": "GeForce RTX 4070 Ti",
      "manufacturer": "NVIDIA",
      "vram": 12,
      "tgp": 285,
      "dateadded": "2025-02-02",
      "rating": 4,
      "price": 24265
    }
  },
  {
    "model": "viewer.graphicscards",
    "pk": 18,
    "fields": {
      "name": "Radeon RX 6500 XT 4GB",
      "manufacturer": "AMD",
      "vram": 4,
      "tgp": 107,
      "dateadded": "2024-05-29",
      "rating": 3,
      "price": 7919
    }
  },
  {
    "model": "viewer.graphicscards",
    "pk": 19,
    "fields": {
      "name": "Radeon RX 7900 XTX",
      "manufacturer": "AMD",
      "vram": 20,
      "tgp": 300,
      "dateadded": "2025-04-04",
      "rating": 5,
      "price": 32426
    }
  },
  {
    "model": "viewer.graphicscards",
    "pk": 20,
    "fields": {
      "name": "GeForce RTX 3090 Ti",
      "manufacturer": "NVIDIA",
      "vram": 24,
      "tgp": 350,
      "dateadded": "2024-03-17",
      "rating": 5,
      "price": 37533
    }
  },
  {
    "model": "viewer.graphicscards",
    "pk": 21,
    "fields": {
      "name": "Radeon RX 6800",
      "manufacturer": "AMD",
      "vram": 16,
      "tgp": 300,
      "dateadded": "2025-07-15",
      "rating": 4,
      "price": 20253
    }
  },
  {
    "model": "viewer.graphicscards",
    "pk": 22,
    "fields": {
      "name": "Radeon RX 7700 XT",
      "manufacturer": "AMD",
      "vram": 12,
      "tgp": 245,
      "dateadded": "2024-07-02",
      "rating": 4,
      "price": 19758
    }
  },
  {
    "model": "viewer.graphicscards",
    "pk": 23,
    "fields": {
      "name": "GeForce RTX 3090 Ti 24GB",
      "manufacturer": "NVIDIA",
      "vram": 24,
      "tgp": 450,
      "dateadded": "2023-09-01",
      "rating": 5,
      "price": 39496
    }
  },
  {
    "model": "viewer.graphicscards",
    "pk": 24,
    "fields": {
      "name": "GeForce RTX 4070 Ti 12GB",
      "manufacturer": "NVIDIA",
      "vram": 12,
      "tgp": 200,
      "dateadded": "2025-07-18",
      "rating": 4,
      "price": 26511
    }
  },
  {
    "model": "viewer.graphicscards",
    "pk": 25,
    "fields": {
      "name": "Radeon RX 6500 XT 4GB",
      "manufacturer": "AMD",
      "vram": 4,
      "tgp": 107,
      "dateadded": "2023-11-18",
      "rating": 2,
      "price": 5001
    }
  },
  {
    "model": "viewer.graphicscards",
    "pk": 26,
    "fields": {
      "name": "Radeon RX 6800 XT",
      "manufacturer": "AMD",
      "vram": 16,
      "tgp": 250,
      "dateadded": "2024-12-09",
      "rating": 4,
      "price": 21034
    }
  },
  {
    "model": "viewer.graphicscards",
    "pk": 27,
    "fields": {
      "name": "GeForce RTX 4070",
      "manufacturer": "NVIDIA",
      "vram": 16,
      "tgp": 200,
      "dateadded": "2024-01-03",
      "rating": 5,
      "price": 22900
    }
  },
  {
    "model": "viewer.graphicscards",
    "pk": 28,
    "fields": {
      "name": "Radeon RX 6600",
      "manufacturer": "AMD",
      "vram": 8,
      "tgp": 132,
      "dateadded": "2025-05-18",
      "rating": 4,
      "price": 13602
    }
  },
  {
    "model": "viewer.graphicscards",
    "pk": 29,
    "fields": {
      "name": "GeForce RTX 3070 Ti",
      "manufacturer": "NVIDIA",
      "vram": 8,
      "tgp": 220,
      "dateadded": "2025-07-09",
      "rating": 4,
      "price": 17996
    }
  },
  {
    "model": "viewer.graphicscards",
    "pk": 30,
    "fields": {
      "name": "GeForce RTX 4060 Ti",
      "manufacturer": "NVIDIA",
      "vram": 8,
      "tgp": 165,
      "dateadded": "2024-12-01",
      "rating": 4,
      "price": 17021
    }
  },
  {
    "model": "viewer.graphicscards",
    "pk": 31,
    "fields": {
      "name": "GeForce RTX 4070 Ti SUPER",
      "manufacturer": "NVIDIA",
      "vram": 16,
      "tgp": 285,
      "dateadded": "2024-05-11",
      "rating": 4,
      "price": 24936
    }
  },
  {
    "model": "viewer.graphicscards",
    "pk": 32,
    "fields": {
      "name": "Radeon RX 6500 XT",
      "manufacturer": "AMD",
      "vram": 4,
      "tgp": 107,
      "dateadded": "2025-01-24",
      "rating": 2,
      "price": 7841
    }
  },
  {
    "model": "viewer.graphicscards",
    "pk": 33,
    "fields": {
      "name": "GeForce RTX 4060",
      "manufacturer": "NVIDIA",
      "vram": 8,
      "tgp": 115,
      "dateadded": "2023-11-07",
      "rating": 4,
      "price": 17520
    }
  },
  {
    "model": "viewer.graphicscards",
    "pk": 34,
    "fields": {
      "name": "Radeon RX 6700 XT",
      "manufacturer": "AMD",
      "vram": 12,
      "tgp": 230,
      "dateadded": "2024-02-01",
      "rating": 4,
      "price": 12241
    }
  },
  {
    "model": "viewer.graphicscards",
    "pk": 35,
    "fields": {
      "name": "GeForce RTX 3080 Ti",
      "manufacturer": "NVIDIA",
      "vram": 10,
      "tgp": 320,
      "dateadded": "2023-10-07",
      "rating": 5,
      "price": 24647
    }
  },
  {
    "model": "viewer.graphicscards",
    "pk": 36,
    "fields": {
      "name": "Radeon RX 6700 XT 12GB",
      "manufacturer": "AMD",
      "vram": 12,
      "tgp": 230,
      "dateadded": "2025-02-24",
      "rating": 4,
      "price": 14472
    }
  },
  {
    "model": "viewer.graphicscards",
    "pk": 37,
    "fields": {
      "name": "GeForce RTX 3080",
      "manufacturer": "NVIDIA",
      "vram": 12,
      "tgp": 350,
      "dateadded": "2025-02-08",
      "rating": 5,
      "price": 29694
    }
  },
  {
    "model": "viewer.graphicscards",
    "pk": 38,
    "fields": {
      "name": "GeForce RTX 3070 Ti 8GB",
      "manufacturer": "NVIDIA",
      "vram": 8,
      "tgp": 220,
      "dateadded": "2024-11-29",
      "rating": 4,
      "price": 16421
    }
  },
  {
    "model": "viewer.graphicscards",
    "pk": 39,
    "fields": {
      "name": "Radeon RX 6500 XT",
      "manufacturer": "AMD",
      "vram": 4,
      "tgp": 107,
      "dateadded": "2024-07-26",
      "rating": 3,
      "price": 7307
    }
  },
  {
    "model": "viewer.graphicscards",
    "pk": 40,
    "fields": {
      "name": "Radeon RX 6900 XT 16GB",
      "manufacturer": "AMD",
      "vram": 16,
      "tgp": 300,
      "dateadded": "2023-11-12",
      "rating": 4,
      "price": 19806
    }
  },
  {
    "model": "viewer.motherboards",
    "pk": 1,
    "fields": {
      "name": "ASUS ROG STRIX Z790-E GAMING WIFI",
      "manufacturer": "ASUS",
      "format": 1,
      "socket": 1,
      "maxcputdp": 250,
      "satacount": 6,
      "nvmecount": 4,
      "pciegen": 5,
      "price": 15000,
      "dateadded": "2025-07-22",
      "rating": 3
    }
  },
  {
    "model": "viewer.motherboards",
    "pk": 2,
    "fields": {
      "name": "MSI MAG B550 TOMAHAWK",
      "manufacturer": "MSI",
      "format": 1,
      "socket": 4,
      "maxcputdp": 180,
      "satacount": 6,
      "nvmecount": 2,
      "pciegen": 4,
      "price": 4500,
      "dateadded": "2025-07-22",
      "rating": 3
    }
  },
  {
    "model": "viewer.motherboards",
    "pk": 3,
    "fields": {
      "name": "Gigabyte B660M DS3H",
      "manufacturer": "Gigabyte",
      "format": 2,
      "socket": 2,
      "maxcputdp": 125,
      "satacount": 4,
      "nvmecount": 2,
      "pciegen": 4,
      "price": 2800,
      "dateadded": "2025-07-22",
      "rating": 3
    }
  },
  {
    "model": "viewer.motherboards",
    "pk": 4,
    "fields": {
      "name": "ASRock X670E Taichi",
      "manufacturer": "ASRock",
      "format": 1,
      "socket": 5,
      "maxcputdp": 200,
      "satacount": 8,
      "nvmecount": 4,
      "pciegen": 5,
      "price": 18000,
      "dateadded": "2025-07-22",
      "rating": 3
    }
  },
  {
    "model": "viewer.powersupplyunits",
    "pk": 1,
    "fields": {
      "name": "Corsair RM850x 850W 80+ Gold",
      "manufacturer": "Corsair",
      "maxpower": 850,
      "price": 4500,
      "dateadded": "2025-07-22",
      "rating": 4
    }
  },
  {
    "model": "viewer.powersupplyunits",
    "pk": 2,
    "fields": {
      "name": "Seasonic Focus GX-650 650W 80+ Gold",
      "manufacturer": "Seasonic",
      "maxpower": 650,
      "price": 3200,
      "dateadded": "2025-07-22",
      "rating": 3
    }
  },
  {
    "model": "viewer.powersupplyunits",
    "pk": 3,
    "fields": {
      "name": "EVGA SuperNOVA 1000 G5 1000W 80+ Gold",
      "manufacturer": "EVGA",
      "maxpower": 1000,
      "price": 5800,
      "dateadded": "2025-07-22",
      "rating": 5
    }
  },
  {
    "model": "viewer.powersupplyunits",
    "pk": 4,
    "fields": {
      "name": "be quiet! Pure Power 11 500W 80+ Gold",
      "manufacturer": "be quiet!",
      "maxpower": 500,
      "price": 2200,
      "dateadded": "2025-07-22",
      "rating": 3
    }
  },
  {
    "model": "viewer.powersupplyunits",
    "pk": 5,
    "fields": {
      "name": "Cooler Master V750 SFX Gold 750W",
      "manufacturer": "Cooler Master",
      "maxpower": 750,
      "price": 4200,
      "dateadded": "2025-07-22",
      "rating": 3
    }
  },
  {
    "model": "viewer.processors",
    "pk": 1,
    "fields": {
      "name": "AMD Ryzen 9 5900X @ 3.7GHz",
      "manufacturer": "AMD",
      "socket": 4,
      "tdp": 105,
      "corecount": 12,
      "smt": true,
      "price": 12568,
      "benchresult": 38778,
      "clock": 3970,
      "dateadded": "2025-03-24",
      "rating": 4
    }
  },
  {
    "model": "viewer.processors",
    "pk": 2,
    "fields": {
      "name": "AMD Ryzen 9 7950",
      "manufacturer": "AMD",
      "socket": 5,
      "tdp": 65,
      "corecount": 16,
      "smt": true,
      "price": 21863,
      "benchresult": 47275,
      "clock": 4566,
      "dateadded": "2025-05-28",
      "rating": 5
    }
  },
  {
    "model": "viewer.processors",
    "pk": 3,
    "fields": {
      "name": "AMD Ryzen 7 5800X @ 3.8GHz",
      "manufacturer": "AMD",
      "socket": 4,
      "tdp": 105,
      "corecount": 8,
      "smt": true,
      "price": 12935,
      "benchresult": 34368,
      "clock": 4022,
      "dateadded": "2025-07-10",
      "rating": 4
    }
  },
  {
    "model": "viewer.processors",
    "pk": 4,
    "fields": {
      "name": "AMD Ryzen 9 7950X @ 4.5GHz",
      "manufacturer": "AMD",
      "socket": 5,
      "tdp": 65,
      "corecount": 16,
      "smt": true,
      "price": 21201,
      "benchresult": 54733,
      "clock": 4657,
      "dateadded": "2025-02-11",
      "rating": 5
    }
  },
  {
    "model": "viewer.processors",
    "pk": 5,
    "fields": {
      "name": "AMD Ryzen 9 7900",
      "manufacturer": "AMD",
      "socket": 5,
      "tdp": 65,
      "corecount": 12,
      "smt": true,
      "price": 16065,
      "benchresult": 44831,
      "clock": 4913,
      "dateadded": "2025-04-30",
      "rating": 5
    }
  },
  {
    "model": "viewer.processors",
    "pk": 6,
    "fields": {
      "name": "Intel Core i7-12700F @ 4.0GHz",
      "manufacturer": "Intel",
      "socket": 1,
      "tdp": 65,
      "corecount": 12,
      "smt": true,
      "price": 13246,
      "benchresult": 34204,
      "clock": 3716,
      "dateadded": "2025-02-06",
      "rating": 4
    }
  },
  {
    "model": "viewer.processors",
    "pk": 7,
    "fields": {
      "name": "Intel Core i7-12700F @ 4.0GHz",
      "manufacturer": "Intel",
      "socket": 1,
      "tdp": 125,
      "corecount": 12,
      "smt": true,
      "price": 10679,
      "benchresult": 36257,
      "clock": 3940,
      "dateadded": "2025-07-14",
      "rating": 4
    }
  },
  {
    "model": "viewer.processors",
    "pk": 8,
    "fields": {
      "name": "AMD Ryzen 5 7600",
      "manufacturer": "AMD",
      "socket": 5,
      "tdp": 105,
      "corecount": 6,
      "smt": true,
      "price": 9183,
      "benchresult": 28364,
      "clock": 4893,
      "dateadded": "2025-06-13",
      "rating": 3
    }
  },
  {
    "model": "viewer.processors",
    "pk": 9,
    "fields": {
      "name": "AMD Ryzen 7 5800X3D @ 4.2GHz",
      "manufacturer": "AMD",
      "socket": 4,
      "tdp": 105,
      "corecount": 8,
      "smt": true,
      "price": 10803,
      "benchresult": 31019,
      "clock": 4003,
      "dateadded": "2025-03-16",
      "rating": 3
    }
  },
  {
    "model": "viewer.processors",
    "pk": 10,
    "fields": {
      "name": "Intel Core i7-11700KF @ 4.0GHz",
      "manufacturer": "Intel",
      "socket": 2,
      "tdp": 125,
      "corecount": 8,
      "smt": true,
      "price": 11353,
      "benchresult": 26170,
      "clock": 3763,
      "dateadded": "2024-10-20",
      "rating": 3
    }
  },
  {
    "model": "viewer.processors",
    "pk": 11,
    "fields": {
      "name": "AMD Ryzen 9 5900X @ 3.7GHz",
      "manufacturer": "AMD",
      "socket": 4,
      "tdp": 105,
      "corecount": 12,
      "smt": true,
      "price": 14338,
      "benchresult": 41101,
      "clock": 3747,
      "dateadded": "2025-07-09",
      "rating": 5
    }
  },
  {
    "model": "viewer.processors",
    "pk": 12,
    "fields": {
      "name": "Intel Core i9-12900KF @ 3.2GHz",
      "manufacturer": "Intel",
      "socket": 1,
      "tdp": 125,
      "corecount": 16,
      "smt": true,
      "price": 16092,
      "benchresult": 41963,
      "clock": 3569,
      "dateadded": "2025-04-27",
      "rating": 5
    }
  },
  {
    "model": "viewer.processors",
    "pk": 13,
    "fields": {
      "name": "AMD Ryzen 9 5900X @ 4.0GHz",
      "manufacturer": "AMD",
      "socket": 4,
      "tdp": 105,
      "corecount": 12,
      "smt": true,
      "price": 14813,
      "benchresult": 42040,
      "clock": 3961,
      "dateadded": "2025-03-10",
      "rating": 5
    }
  },
  {
    "model": "viewer.processors",
    "pk": 14,
    "fields": {
      "name": "AMD Ryzen 9 5950X @ 3.4GHz",
      "manufacturer": "AMD",
      "socket": 4,
      "tdp": 105,
      "corecount": 16,
      "smt": true,
      "price": 17146,
      "benchresult": 45471,
      "clock": 3737,
      "dateadded": "2024-07-23",
      "rating": 5
    }
  },
  {
    "model": "viewer.processors",
    "pk": 15,
    "fields": {
      "name": "AMD Ryzen 5 5600X @ 3.7GHz",
      "manufacturer": "AMD",
      "socket": 4,
      "tdp": 105,
      "corecount": 6,
      "smt": true,
      "price": 8454,
      "benchresult": 27152,
      "clock": 3979,
      "dateadded": "2025-05-13",
      "rating": 3
    }
  },
  {
    "model": "viewer.processors",
    "pk": 16,
    "fields": {
      "name": "AMD Ryzen 7 7700",
      "manufacturer": "AMD",
      "socket": 5,
      "tdp": 65,
      "corecount": 8,
      "smt": true,
      "price": 13889,
      "benchresult": 31469,
      "clock": 4798,
      "dateadded": "2025-02-02",
      "rating": 3
    }
  },
  {
    "model": "viewer.processors",
    "pk": 17,
    "fields": {
      "name": "Intel Core i7-11700",
      "manufacturer": "Intel",
      "socket": 2,
      "tdp": 125,
      "corecount": 8,
      "smt": true,
      "price": 8815,
      "benchresult": 28759,
      "clock": 3714,
      "dateadded": "2025-06-17",
      "rating": 3
    }
  },
  {
    "model": "viewer.processors",
    "pk": 18,
    "fields": {
      "name": "Intel Core i3-13100",
      "manufacturer": "Intel",
      "socket": 1,
      "tdp": 60,
      "corecount": 4,
      "smt": true,
      "price": 5469,
      "benchresult": 15754,
      "clock": 3435,
      "dateadded": "2025-05-20",
      "rating": 1
    }
  },
  {
    "model": "viewer.processors",
    "pk": 19,
    "fields": {
      "name": "AMD Ryzen 7 7700X @ 4.5GHz",
      "manufacturer": "AMD",
      "socket": 5,
      "tdp": 105,
      "corecount": 8,
      "smt": true,
      "price": 12326,
      "benchresult": 31005,
      "clock": 4670,
      "dateadded": "2024-10-06",
      "rating": 3
    }
  },
  {
    "model": "viewer.processors",
    "pk": 20,
    "fields": {
      "name": "Intel Core i5-11600",
      "manufacturer": "Intel",
      "socket": 2,
      "tdp": 125,
      "corecount": 6,
      "smt": true,
      "price": 8526,
      "benchresult": 24454,
      "clock": 3942,
      "dateadded": "2024-10-05",
      "rating": 3
    }
  },
  {
    "model": "viewer.ram",
    "pk": 1,
    "fields": {
      "name": "Corsair Vengeance LPX 16GB DDR4-3200",
      "manufacturer": "Corsair",
      "capacity": 16,
      "clock": 3200,
      "type": 1,
      "price": 2500,
      "dateadded": "2025-07-22",
      "rating": 3
    }
  },
  {
    "model": "viewer.ram",
    "pk": 2,
    "fields": {
      "name": "G.SKILL Trident Z5 32GB DDR5-6000",
      "manufacturer": "G.SKILL",
      "capacity": 32,
      "clock": 6000,
      "type": 2,
      "price": 8500,
      "dateadded": "2025-07-22",
      "rating": 4
    }
  },
  {
    "model": "viewer.ram",
    "pk": 3,
    "fields": {
      "name": "Kingston HyperX Fury 8GB DDR4-2666",
      "manufacturer": "Kingston",
      "capacity": 8,
      "clock": 2666,
      "type": 1,
      "price": 1200,
      "dateadded": "2025-07-22",
      "rating": 3
    }
  },
  {
    "model": "viewer.ram",
    "pk": 4,
    "fields": {
      "name": "Crucial Ballistix 32GB DDR4-3600",
      "manufacturer": "Crucial",
      "capacity": 32,
      "clock": 3600,
      "type": 1,
      "price": 4800,
      "dateadded": "2025-07-22",
      "rating": 4
    }
  },
  {
    "model": "viewer.ram",
    "pk": 5,
    "fields": {
      "name": "TeamGroup T-Force Delta RGB 16GB DDR4-3200",
      "manufacturer": "TeamGroup",
      "capacity": 16,
      "clock": 3200,
      "type": 1,
      "price": 2200,
      "dateadded": "2025-07-22",
      "rating": 3
    }
  },
  {
    "model": "viewer.ram",
    "pk": 6,
    "fields": {
      "name": "Corsair Dominator Platinum RGB 64GB DDR5-5600",
      "manufacturer": "Corsair",
      "capacity": 64,
      "clock": 5600,
      "type": 2,
      "price": 15000,
      "dateadded": "2025-07-22",
      "rating": 5
    }
  },
  {
    "model": "viewer.ram",
    "pk": 7,
    "fields": {
      "name": "Crucial Pro 32GB DDR5-5600",
      "manufacturer": "Crucial",
      "capacity": 32,
      "clock": 5600,
      "type": 2,
      "price": 8366,
      "dateadded": "2024-11-19",
      "rating": 5
    }
  },
  {
    "model": "viewer.ram",
    "pk": 8,
    "fields": {
      "name": "Crucial Ballistix 16GB DDR4-3600",
      "manufacturer": "Crucial",
      "capacity": 16,
      "clock": 3600,
      "type": 1,
      "price": 2624,
      "dateadded": "2024-06-21",
      "rating": 3
    }
  },
  {
    "model": "viewer.ram",
    "pk": 9,
    "fields": {
      "name": "Crucial Ballistix 32GB DDR4-3200",
      "manufacturer": "Crucial",
      "capacity": 32,
      "clock": 3200,
      "type": 1,
      "price": 3601,
      "dateadded": "2025-03-06",
      "rating": 4
    }
  },
  {
    "model": "viewer.ram",
    "pk": 10,
    "fields": {
      "name": "Corsair Vengeance RGB Pro 32GB DDR4-3600",
      "manufacturer": "Corsair",
      "capacity": 32,
      "clock": 3600,
      "type": 1,
      "price": 4691,
      "dateadded": "2024-12-18",
      "rating": 4
    }
  },
  {
    "model": "viewer.ram",
    "pk": 11,
    "fields": {
      "name": "Crucial Ballistix 16GB DDR4-3600",
      "manufacturer": "Crucial",
      "capacity": 16,
      "clock": 3600,
      "type": 1,
      "price": 2001,
      "dateadded": "2025-07-06",
      "rating": 3
    }
  },
  {
    "model": "viewer.ram",
    "pk": 12,
    "fields": {
      "name": "Corsair Dominator Platinum RGB 32GB DDR5-5600",
      "manufacturer": "Corsair",
      "capacity": 32,
      "clock": 5600,
      "type": 2,
      "price": 11895,
      "dateadded": "2025-06-15",
      "rating": 5
    }
  },
  {
    "model": "viewer.ram",
    "pk": 13,
    "fields": {
      "name": "TeamGroup T-Force Delta RGB 8GB DDR4-3200",
      "manufacturer": "TeamGroup",
      "capacity": 8,
      "clock": 3200,
      "type": 1,
      "price": 1443,
      "dateadded": "2024-04-29",
      "rating": 3
    }
  },
  {
    "model": "viewer.ram",
    "pk": 14,
    "fields": {
      "name": "G.SKILL Ripjaws V 16GB DDR4-3200",
      "manufacturer": "G.SKILL",
      "capacity": 16,
      "clock": 3200,
      "type": 1,
      "price": 3178,
      "dateadded": "2024-11-09",
      "rating": 3
    }
  },
  {
    "model": "viewer.ram",
    "pk": 15,
    "fields": {
      "name": "G.SKILL Ripjaws V 16GB DDR4-4000",
      "manufacturer": "G.SKILL",
      "capacity": 16,
      "clock": 4000,
      "type": 1,
      "price": 2855,
      "dateadded": "2025-05-22",
      "rating": 3
    }
  },
  {
    "model": "viewer.ram",
    "pk": 16,
    "fields": {
      "name": "Crucial Pro 32GB DDR5-5200",
      "manufacturer": "Crucial",
      "capacity": 32,
      "clock": 5200,
      "type": 2,
      "price": 9247,
      "dateadded": "2025-07-18",
      "rating": 5
    }
  },
  {
    "model": "viewer.ram",
    "pk": 17,
    "fields": {
      "name": "TeamGroup T-Force Delta RGB 32GB DDR4-3600",
      "manufacturer": "TeamGroup",
      "capacity": 32,
      "clock": 3600,
      "type": 1,
      "price": 3251,
      "dateadded": "2025-05-28",
      "rating": 4
    }
  },
  {
    "model": "viewer.ram",
    "pk": 18,
    "fields": {
      "name": "G.SKILL Trident Z5 RGB 32GB DDR5-7200",
      "manufacturer": "G.SKILL",
      "capacity": 32,
      "clock": 7200,
      "type": 2,
      "price": 9933,
      "dateadded": "2025-01-12",
      "rating": 5
    }
  },
  {
    "model": "viewer.ram",
    "pk": 19,
    "fields": {
      "name": "Crucial Ballistix 16GB DDR4-3200",
      "manufacturer": "Crucial",
      "capacity": 16,
      "clock": 3200,
      "type": 1,
      "price": 2370,
      "dateadded": "2024-05-09",
      "rating": 3
    }
  },
  {
    "model": "viewer.ram",
    "pk": 20,
    "fields": {
      "name": "Kingston FURY Beast 16GB DDR5-5200",
      "manufacturer": "Kingston",
      "capacity": 16,
      "clock": 5200,
      "type": 2,
      "price": 6135,
      "dateadded": "2025-03-19",
      "rating": 3
    }
  },
  {
    "model": "viewer.ram",
    "pk": 21,
    "fields": {
      "name": "TeamGroup T-Force Delta RGB 32GB DDR4-3600",
      "manufacturer": "TeamGroup",
      "capacity": 32,
      "clock": 3600,
      "type": 1,
      "price": 2772,
      "dateadded": "2025-06-16",
      "rating": 4
    }
  },
  {
    "model": "viewer.ram",
    "pk": 22,
    "fields": {
      "name": "Crucial Ballistix 16GB DDR4-3200",
      "manufacturer": "Crucial",
      "capacity": 16,
      "clock": 3200,
      "type": 1,
      "price": 2748,
      "dateadded": "2024-08-03",
      "rating": 3
    }
  },
  {
    "model": "viewer.ram",
    "pk": 23,
    "fields": {
      "name": "Crucial Pro 8GB DDR5-4800",
      "manufacturer": "Crucial",
      "capacity": 8,
      "clock": 4800,
      "type": 2,
      "price": 3966,
      "dateadded": "2024-03-18",
      "rating": 3
    }
  },
  {
    "model": "viewer.ram",
    "pk": 24,
    "fields": {
      "name": "Kingston HyperX Fury 16GB DDR4-2666",
      "manufacturer": "Kingston",
      "capacity": 16,
      "clock": 2666,
      "type": 1,
      "price": 1936,
      "dateadded": "2025-05-10",
      "rating": 3
    }
  },
  {
    "model": "viewer.ram",
    "pk": 25,
    "fields": {
      "name": "Kingston FURY Beast 32GB DDR5-5200",
      "manufacturer": "Kingston",
      "capacity": 32,
      "clock": 5200,
      "type": 2,
      "price": 8006,
      "dateadded": "2024-06-06",
      "rating": 5
    }
  },
  {
    "model": "viewer.ram",
    "pk": 26,
    "fields": {
      "name": "Kingston FURY Beast 8GB DDR5-5200",
      "manufacturer": "Kingston",
      "capacity": 8,
      "clock": 5200,
      "type": 2,
      "price": 4500,
      "dateadded": "2024-12-19",
      "rating": 3
    }
  },
  {
    "model": "viewer.ramtypes",
    "pk": 1,
    "fields": {
      "type": "DDR4"
    }
  },
  {
    "model": "viewer.ramtypes",
    "pk": 2,
    "fields": {
      "type": "DDR5"
    }
  },
  {
    "model": "viewer.ramtypes",
    "pk": 3,
    "fields": {
      "type": "DDR3"
    }
  },
  {
    "model": "viewer.sockets",
    "pk": 1,
    "fields": {
      "type": "LGA1700"
    }
  },
  {
    "model": "viewer.sockets",
    "pk": 2,
    "fields": {
      "type": "LGA1200"
    }
  },
  {
    "model": "viewer.sockets",
    "pk": 3,
    "fields": {
      "type": "LGA1151"
    }
  },
  {
    "model": "viewer.sockets",
    "pk": 4,
    "fields": {
      "type": "AM4"
    }
  },
  {
    "model": "viewer.sockets",
    "pk": 5,
    "fields": {
      "type": "AM5"
    }
  },
  {
    "model": "viewer.sockets",
    "pk": 6,
    "fields": {
      "type": "sTRX4"
    }
  },
  {
    "model": "viewer.storage",
    "pk": 1,
    "fields": {
      "name": "Samsung 980 PRO 1TB",
      "manufacturer": "Samsung",
      "capacity": 1000,
      "type": 1,
      "price": 3500,
      "dateadded": "2025-07-22",
      "rating": 4
    }
  },
  {
    "model": "viewer.storage",
    "pk": 2,
    "fields": {
      "name": "WD Black SN850X 2TB",
      "manufacturer": "Western Digital",
      "capacity": 2000,
      "type": 1,
      "price": 6500,
      "dateadded": "2025-07-22",
      "rating": 4
    }
  },
  {
    "model": "viewer.storage",
    "pk": 3,
    "fields": {
      "name": "Crucial MX500 1TB",
      "manufacturer": "Crucial",
      "capacity": 1000,
      "type": 2,
      "price": 2500,
      "dateadded": "2025-07-22",
      "rating": 3
    }
  },
  {
    "model": "viewer.storage",
    "pk": 4,
    "fields": {
      "name": "Seagate Barracuda 4TB",
      "manufacturer": "Seagate",
      "capacity": 4000,
      "type": 3,
      "price": 2800,
      "dateadded": "2025-07-22",
      "rating": 3
    }
  },
  {
    "model": "viewer.storage",
    "pk": 5,
    "fields": {
      "name": "Samsung 990 EVO 4TB",
      "manufacturer": "Samsung",
      "capacity": 4000,
      "type": 1,
      "price": 12000,
      "dateadded": "2025-07-22",
      "rating": 4
    }
  },
  {
    "model": "viewer.storage",
    "pk": 6,
    "fields": {
      "name": "Kingston NV2 500GB",
      "manufacturer": "Kingston",
      "capacity": 500,
      "type": 1,
      "price": 1200,
      "dateadded": "2025-07-22",
      "rating": 4
    }
  },
  {
    "model": "viewer.storage",
    "pk": 7,
    "fields": {
      "name": "Samsung 990 EVO 1000GB",
      "manufacturer": "Samsung",
      "capacity": 1000,
      "type": 1,
      "price": 4968,
      "dateadded": "2025-06-10",
      "rating": 4
    }
  },
  {
    "model": "viewer.storage",
    "pk": 8,
    "fields": {
      "name": "Toshiba P300 1000GB",
      "manufacturer": "Toshiba",
      "capacity": 1000,
      "type": 3,
      "price": 809,
      "dateadded": "2024-10-02",
      "rating": 3
    }
  },
  {
    "model": "viewer.storage",
    "pk": 9,
    "fields": {
      "name": "Samsung 870 EVO 250GB",
      "manufacturer": "Samsung",
      "capacity": 250,
      "type": 2,
      "price": 491,
      "dateadded": "2025-05-08",
      "rating": 3
    }
  },
  {
    "model": "viewer.storage",
    "pk": 10,
    "fields": {
      "name": "Seagate Barracuda 4000GB",
      "manufacturer": "Seagate",
      "capacity": 4000,
      "type": 3,
      "price": 2390,
      "dateadded": "2024-10-28",
      "rating": 3
    }
  },
  {
    "model": "viewer.storage",
    "pk": 11,
    "fields": {
      "name": "Seagate Barracuda 4000GB",
      "manufacturer": "Seagate",
      "capacity": 4000,
      "type": 3,
      "price": 3149,
      "dateadded": "2024-11-19",
      "rating": 3
    }
  },
  {
    "model": "viewer.storage",
    "pk": 12,
    "fields": {
      "name": "Kingston NV2 2000GB",
      "manufacturer": "Kingston",
      "capacity": 2000,
      "type": 1,
      "price": 4623,
      "dateadded": "2024-06-23",
      "rating": 4
    }
  },
  {
    "model": "viewer.storage",
    "pk": 13,
    "fields": {
      "name": "Samsung 980 PRO 4000GB",
      "manufacturer": "Samsung",
      "capacity": 4000,
      "type": 1,
      "price": 15685,
      "dateadded": "2025-05-23",
      "rating": 4
    }
  },
  {
    "model": "viewer.storage",
    "pk": 14,
    "fields": {
      "name": "Kingston A400 960GB",
      "manufacturer": "Kingston",
      "capacity": 960,
      "type": 2,
      "price": 1371,
      "dateadded": "2024-09-29",
      "rating": 3
    }
  },
  {
    "model": "viewer.storage",
    "pk": 15,
    "fields": {
      "name": "Seagate Barracuda 2000GB",
      "manufacturer": "Seagate",
      "capacity": 2000,
      "type": 3,
      "price": 1436,
      "dateadded": "2025-01-02",
      "rating": 3
    }
  },
  {
    "model": "viewer.storage",
    "pk": 16,
    "fields": {
      "name": "Samsung 980 PRO 500GB",
      "manufacturer": "Samsung",
      "capacity": 500,
      "type": 1,
      "price": 1731,
      "dateadded": "2024-11-17",
      "rating": 4
    }
  },
  {
    "model": "viewer.storage",
    "pk": 17,
    "fields": {
      "name": "Crucial P5 Plus 2000GB",
      "manufacturer": "Crucial",
      "capacity": 2000,
      "type": 1,
      "price": 5676,
      "dateadded": "2024-10-07",
      "rating": 4
    }
  },
  {
    "model": "viewer.storage",
    "pk": 18,
    "fields": {
      "name": "Toshiba P300 1000GB",
      "manufacturer": "Toshiba",
      "capacity": 1000,
      "type": 3,
      "price": 836,
      "dateadded": "2025-01-18",
      "rating": 3
    }
  },
  {
    "model": "viewer.storage",
    "pk": 19,
    "fields": {
      "name": "Kingston A400 240GB",
      "manufacturer": "Kingston",
      "capacity": 240,
      "type": 2,
      "price": 367,
      "dateadded": "2024-07-25",
      "rating": 3
    }
  },
  {
    "model": "viewer.storage",
    "pk": 20,
    "fields": {
      "name": "WD Blue 1000GB",
      "manufacturer": "WD",
      "capacity": 1000,
      "type": 3,
      "price": 957,
      "dateadded": "2024-09-05",
      "rating": 3
    }
  },
  {
    "model": "viewer.storage",
    "pk": 21,
    "fields": {
      "name": "WD Black SN850X 2000GB",
      "manufacturer": "WD",
      "capacity": 2000,
      "type": 1,
      "price": 7418,
      "dateadded": "2025-03-01",
      "rating": 4
    }
  },
  {
    "model": "viewer.storage",
    "pk": 22,
    "fields": {
      "name": "Crucial MX500 2000GB",
      "manufacturer": "Crucial",
      "capacity": 2000,
      "type": 2,
      "price": 3664,
      "dateadded": "2025-02-13",
      "rating": 3
    }
  },
  {
    "model": "viewer.storage",
    "pk": 23,
    "fields": {
      "name": "Samsung 870 EVO 1000GB",
      "manufacturer": "Samsung",
      "capacity": 1000,
      "type": 2,
      "price": 2136,
      "dateadded": "2024-07-22",
      "rating": 3
    }
  },
  {
    "model": "viewer.storage",
    "pk": 24,
    "fields": {
      "name": "Crucial MX500 1000GB",
      "manufacturer": "Crucial",
      "capacity": 1000,
      "type": 2,
      "price": 1651,
      "dateadded": "2025-03-03",
      "rating": 3
    }
  },
  {
    "model": "viewer.storage",
    "pk": 25,
    "fields": {
      "name": "Samsung 870 EVO 4000GB",
      "manufacturer": "Samsung",
      "capacity": 4000,
      "type": 2,
      "price": 7412,
      "dateadded": "2025-03-31",
      "rating": 3
    }
  },
  {
    "model": "viewer.storage",
    "pk": 26,
    "fields": {
      "name": "Kingston A400 480GB",
      "manufacturer": "Kingston",
      "capacity": 480,
      "type": 2,
      "price": 723,
      "dateadded": "2025-02-06",
      "rating": 3
    }
  },
  {
    "model": "viewer.storagetypes",
    "pk": 1,
    "fields": {
      "type": "NVMe SSD"
    }
  },
  {
    "model": "viewer.storagetypes",
    "pk": 2,
    "fields": {
      "type": "SATA SSD"
    }
  },
  {
    "model": "viewer.storagetypes",
    "pk": 3,
    "fields": {
      "type": "HDD"
    }
  },
  {
    "model": "viewer.storagetypes",
    "pk": 4,
    "fields": {
      "type": "M.2 SSD"
    }
  }
]